<hibernate-configuration>
    <session-factory>
        <property name="hibernate.connection.driver_class">com.mysql.cj.jdbc.Driver</property>
        <property name="hibernate.connection.url">jdbc:mysql://<your-database-url>:3306/labexam</property>
        <property name="hibernate.connection.username">your-username</property>
        <property name="hibernate.connection.password">your-password</property>
        <property name="hibernate.dialect">org.hibernate.dialect.MySQLDialect</property>
        <property name="hibernate.hbm2ddl.auto">update</property>
        <property name="hibernate.show_sql">true</property>
    </session-factory>
</hibernate-configuration>
